date_key,Date,day,month,month_name,year,day_name
1,2025-06-11,11,6,June,2025,Wednesday
2,2025-06-12,12,6,June,2025,Thursday
3,2025-06-13,13,6,June,2025,Friday
4,2025-06-14,14,6,June,2025,Saturday
5,2025-06-15,15,6,June,2025,Sunday
6,2025-06-16,16,6,June,2025,Monday
7,2025-06-17,17,6,June,2025,Tuesday
8,2025-06-18,18,6,June,2025,Wednesday
9,2025-06-19,19,6,June,2025,Thursday
10,2025-06-20,20,6,June,2025,Friday
11,2025-06-21,21,6,June,2025,Saturday
12,2025-06-22,22,6,June,2025,Sunday
13,2025-06-23,23,6,June,2025,Monday
14,2025-06-24,24,6,June,2025,Tuesday
15,2025-06-25,25,6,June,2025,Wednesday
16,2025-06-26,26,6,June,2025,Thursday
17,2025-06-27,27,6,June,2025,Friday
18,2025-06-28,28,6,June,2025,Saturday
19,2025-06-29,29,6,June,2025,Sunday
20,2025-06-30,30,6,June,2025,Monday
21,2025-07-01,1,7,July,2025,Tuesday
22,2025-07-02,2,7,July,2025,Wednesday
23,2025-07-03,3,7,July,2025,Thursday
24,2025-07-04,4,7,July,2025,Friday
25,2025-07-05,5,7,July,2025,Saturday
26,2025-07-06,6,7,July,2025,Sunday
27,2025-07-07,7,7,July,2025,Monday
28,2025-07-08,8,7,July,2025,Tuesday
29,2025-07-09,9,7,July,2025,Wednesday
30,2025-07-10,10,7,July,2025,Thursday
31,2025-07-11,11,7,July,2025,Friday
32,2025-07-12,12,7,July,2025,Saturday
33,2025-07-13,13,7,July,2025,Sunday
34,2025-07-14,14,7,July,2025,Monday
35,2025-07-15,15,7,July,2025,Tuesday
36,2025-07-16,16,7,July,2025,Wednesday
37,2025-07-17,17,7,July,2025,Thursday
38,2025-07-18,18,7,July,2025,Friday
39,2025-07-19,19,7,July,2025,Saturday
40,2025-07-20,20,7,July,2025,Sunday
41,2025-07-21,21,7,July,2025,Monday
42,2025-07-22,22,7,July,2025,Tuesday
43,2025-07-23,23,7,July,2025,Wednesday
44,2025-07-24,24,7,July,2025,Thursday
45,2025-07-25,25,7,July,2025,Friday
46,2025-07-26,26,7,July,2025,Saturday
47,2025-07-27,27,7,July,2025,Sunday
48,2025-07-28,28,7,July,2025,Monday
49,2025-07-29,29,7,July,2025,Tuesday
50,2025-07-30,30,7,July,2025,Wednesday
51,2025-07-31,31,7,July,2025,Thursday
52,2025-08-01,1,8,August,2025,Friday
53,2025-08-02,2,8,August,2025,Saturday
54,2025-08-03,3,8,August,2025,Sunday
55,2025-08-04,4,8,August,2025,Monday
56,2025-08-05,5,8,August,2025,Tuesday
57,2025-08-06,6,8,August,2025,Wednesday
58,2025-08-07,7,8,August,2025,Thursday
59,2025-08-08,8,8,August,2025,Friday
60,2025-08-09,9,8,August,2025,Saturday
61,2025-08-10,10,8,August,2025,Sunday
