event_waste_key,food_key,event_context_key,Number_of_Guests,Quantity_of_Food,Wastage_Food_Amount
1,4,1,310,450,25
2,4,2,400,500,40
3,7,3,302,371,27
4,4,4,491,497,32
5,4,5,300,400,25
6,4,3,302,371,27
7,4,6,240,450,20
8,4,7,300,400,25
9,3,8,320,400,45
10,4,9,400,500,40
11,3,10,320,400,35
12,4,11,302,371,27
13,4,12,400,500,25
14,4,13,250,350,10
15,3,14,267,393,24
16,4,15,350,450,40
17,3,16,300,400,20
18,3,17,380,500,35
19,3,18,300,450,25
20,4,19,220,300,10
21,4,20,220,450,30
22,7,21,220,300,15
23,4,22,350,450,35
24,3,23,400,500,40
25,4,24,320,400,25
26,3,25,400,500,40
27,1,26,320,400,35
28,4,27,400,500,40
29,4,28,208,282,22
30,4,29,280,350,20
31,4,30,380,400,25
32,4,31,438,493,35
33,3,32,350,450,20
34,4,33,220,300,15
35,3,34,220,300,15
36,7,35,280,350,20
37,4,36,220,300,15
38,3,37,491,497,32
39,3,38,400,500,50
40,4,39,250,350,20
41,4,40,300,400,35
42,2,41,439,459,39
43,3,42,240,450,20
44,1,43,300,400,20
45,3,44,280,350,20
46,3,45,350,450,40
47,4,46,400,450,30
48,3,47,434,495,36
49,3,48,300,400,15
50,3,49,290,374,27
51,2,50,300,400,20
52,4,51,320,400,40
53,1,52,320,400,20
54,4,51,400,500,45
55,7,53,280,350,20
56,1,54,380,500,35
57,4,55,380,480,30
58,4,56,400,500,50
59,4,57,320,400,30
60,7,58,280,350,15
61,7,59,320,400,40
62,3,60,250,350,10
63,7,61,350,450,35
64,4,62,250,350,40
65,7,63,280,350,20
66,1,64,450,500,30
67,2,35,250,350,10
68,3,65,230,500,30
69,1,66,320,400,25
70,1,67,442,482,32
71,1,27,250,350,35
72,7,68,310,350,35
73,3,69,320,400,30
74,2,70,350,450,30
75,4,51,400,500,50
76,3,71,320,400,35
77,7,72,350,450,35
78,4,73,280,350,20
79,4,74,350,450,40
80,1,75,302,371,27
81,3,76,438,493,35
82,1,77,310,350,35
83,2,78,320,400,40
84,3,79,300,400,15
85,1,66,280,350,20
86,2,80,400,500,25
87,7,81,250,350,20
88,3,82,350,450,45
89,2,54,300,400,40
90,3,83,350,450,25
91,1,40,380,500,35
92,2,84,250,480,20
93,2,85,300,400,30
94,3,86,250,350,20
95,3,87,400,500,40
96,1,88,300,400,25
97,4,89,300,400,40
98,3,87,350,450,45
99,2,44,280,350,20
100,3,90,380,500,35
101,2,91,240,450,20
102,1,92,397,482,31
103,1,79,320,400,25
104,2,93,320,400,25
105,7,94,400,500,30
106,2,95,220,300,15
107,2,96,350,450,25
108,1,97,350,450,25
109,1,98,300,400,15
110,1,90,350,450,35
111,2,99,250,350,20
112,1,100,250,350,20
113,7,101,400,500,40
114,7,102,290,374,27
115,2,103,280,350,25
116,7,104,350,450,40
117,3,105,267,480,30
118,3,106,290,374,27
119,3,107,300,450,35
120,4,108,400,500,50
121,3,109,250,350,30
122,7,110,310,350,35
123,4,111,290,374,27
124,4,112,250,350,40
125,1,113,220,300,10
126,4,112,400,500,45
127,7,114,250,350,10
128,7,115,350,450,30
129,4,18,300,400,20
130,4,116,250,350,20
131,4,117,261,350,23
132,4,118,400,500,30
133,7,23,350,450,40
134,3,78,320,400,30
135,3,119,300,400,15
136,7,120,280,350,15
137,4,121,220,300,23
138,7,122,300,400,15
139,4,123,250,350,25
140,1,98,280,350,20
141,1,124,380,400,25
142,2,82,320,400,35
143,1,125,350,450,30
144,2,97,230,500,30
145,1,126,350,450,40
146,2,127,380,500,25
147,2,128,342,405,29
148,3,129,400,500,40
149,7,130,275,388,16
150,7,131,220,300,15
151,1,132,280,400,25
152,7,133,400,500,40
153,1,134,220,300,15
154,1,135,400,500,40
155,2,136,400,500,25
156,4,51,350,450,35
157,2,137,300,450,35
158,3,71,300,450,35
159,2,35,472,489,36
160,3,138,397,482,31
161,2,139,439,459,39
162,7,44,220,300,15
163,3,79,220,300,15
164,2,84,300,420,20
165,1,40,400,500,50
166,1,88,280,350,20
167,1,140,350,450,35
168,1,141,350,450,40
169,2,142,400,350,35
170,4,89,350,450,45
171,3,98,250,350,20
172,1,76,350,450,25
173,2,143,290,374,27
174,2,140,400,350,35
175,2,88,280,350,20
176,2,144,400,500,25
177,4,145,400,500,45
178,1,146,320,400,30
179,3,147,310,450,25
180,7,148,220,300,15
181,7,149,367,420,40
182,4,150,350,450,25
183,2,151,250,500,40
184,2,152,472,489,36
185,1,153,250,350,10
186,3,111,220,450,20
187,7,154,380,480,30
188,4,34,220,300,15
189,3,135,400,500,40
190,3,29,380,400,25
191,1,155,250,350,20
192,4,39,350,450,25
193,3,64,491,497,32
194,3,156,380,480,30
195,4,157,292,470,50
196,7,158,400,500,25
197,1,159,300,450,35
198,2,147,250,350,10
199,1,80,220,300,15
200,3,144,230,500,20
201,7,53,320,400,25
202,1,160,450,500,30
203,3,161,400,500,40
204,3,93,342,405,29
205,2,17,400,350,35
206,7,162,240,450,30
207,2,163,250,350,35
208,2,164,300,400,30
209,2,165,488,498,63
210,1,166,350,450,30
211,4,167,230,500,30
212,4,98,220,300,15
213,2,168,280,350,20
214,3,169,400,500,50
215,2,77,400,500,40
216,1,170,380,400,25
217,3,171,250,350,20
218,2,42,300,400,20
219,2,88,220,300,15
220,1,172,350,450,25
221,7,173,320,400,25
222,1,174,320,400,25
223,2,93,220,300,15
224,2,79,250,350,20
225,2,175,280,480,15
226,2,176,450,500,30
227,2,169,350,450,40
228,7,177,300,400,40
229,2,178,300,400,20
230,1,179,220,450,30
231,2,179,280,350,20
232,2,180,350,450,25
233,2,179,247,348,16
234,2,181,400,500,40
235,2,179,320,400,25
236,2,181,400,350,35
237,4,182,320,400,30
238,4,183,280,400,25
239,4,184,320,400,45
240,4,185,350,450,20
241,4,186,400,350,35
242,4,187,350,450,30
243,4,23,400,500,50
244,3,56,320,400,35
245,1,98,220,300,15
246,2,178,434,495,36
247,2,90,300,400,40
248,2,179,300,400,25
249,4,182,320,480,40
250,4,188,350,450,40
251,4,189,400,500,30
252,4,190,310,350,35
253,4,23,380,500,35
254,4,7,220,300,15
255,4,191,220,300,15
256,3,192,310,350,35
257,4,158,434,495,36
258,3,193,488,498,63
259,3,194,275,388,16
260,4,195,300,400,15
261,4,196,220,300,15
262,4,31,350,450,25
263,4,129,400,500,40
264,4,197,220,300,15
265,4,198,220,300,15
266,7,199,350,450,30
267,7,14,220,300,15
268,1,200,220,300,15
269,2,201,300,400,20
270,7,202,280,350,20
271,1,191,350,450,20
272,3,20,280,350,20
273,1,203,320,400,35
274,4,204,280,350,20
275,4,205,207,280,20
276,3,206,275,388,16
277,7,56,400,350,35
278,4,207,250,350,20
279,4,208,400,500,40
280,3,209,350,450,30
281,1,130,300,400,20
282,4,100,350,450,25
283,1,210,250,350,20
284,3,211,320,400,35
285,1,142,292,470,50
286,2,18,350,450,20
287,7,212,320,400,30
288,3,213,472,489,36
289,4,214,320,400,15
290,3,215,320,400,35
291,4,56,453,484,54
292,2,216,290,374,27
293,2,217,350,450,35
294,3,218,280,350,20
295,2,219,280,400,25
296,1,220,250,350,30
297,3,221,320,400,20
298,4,222,350,450,25
299,7,223,267,393,24
300,1,70,450,500,30
301,4,7,220,300,20
302,3,224,320,400,30
303,4,225,400,500,40
304,2,54,400,500,50
305,3,226,442,452,32
306,1,227,247,348,16
307,3,228,320,400,35
308,4,229,290,374,27
309,3,230,320,400,40
310,7,112,438,493,33
311,2,200,280,350,15
312,2,143,280,350,20
313,2,231,280,350,20
314,1,232,400,500,45
315,1,232,350,450,35
316,2,233,350,450,25
317,2,234,220,300,15
318,2,235,260,400,20
319,2,236,250,350,20
320,1,178,412,478,38
321,2,237,320,400,25
322,4,76,230,500,30
323,1,159,350,450,30
324,1,238,302,371,27
325,1,165,488,498,63
326,7,239,350,450,35
327,3,240,280,350,20
328,4,241,250,350,25
329,4,242,230,500,20
330,1,127,350,450,25
331,2,174,280,350,20
332,1,128,280,350,20
333,7,243,208,282,22
334,2,244,250,350,20
335,4,245,250,350,20
336,3,234,260,400,20
337,4,218,300,400,15
338,2,246,400,400,40
339,1,247,400,500,40
340,4,171,350,450,25
341,1,248,400,500,40
342,1,88,320,400,25
343,2,228,270,400,40
344,2,168,220,300,15
345,2,66,280,350,20
346,1,249,400,500,50
347,7,250,220,300,15
348,1,251,247,348,16
349,3,252,320,400,40
350,2,253,320,400,35
351,3,112,250,500,40
352,2,254,320,400,45
353,4,255,220,300,15
354,2,141,400,500,45
355,1,232,350,450,40
356,1,256,280,350,20
357,2,95,320,400,25
358,1,174,247,348,16
359,2,257,280,350,20
360,1,124,247,348,16
361,1,244,230,500,30
362,1,90,400,500,40
363,1,258,220,450,30
364,2,126,350,450,35
365,2,128,280,350,15
366,2,243,250,350,20
367,7,259,350,450,30
368,1,260,350,450,30
369,7,261,397,482,31
370,1,262,400,500,40
371,2,263,261,350,23
372,1,120,290,374,27
373,7,22,300,400,30
374,3,54,350,450,45
375,4,264,350,450,25
376,2,265,320,400,45
377,4,62,400,500,45
378,3,266,400,500,40
379,4,267,380,480,30
380,4,268,400,500,25
381,4,269,350,450,30
382,2,137,350,450,30
383,3,270,310,350,35
384,1,271,450,500,30
385,1,20,247,348,16
386,4,272,400,500,40
387,1,273,220,300,35
388,3,274,250,350,40
389,7,275,300,400,20
390,3,218,342,405,29
391,2,276,280,350,20
392,1,45,350,450,35
393,1,277,250,350,10
394,2,20,220,300,15
395,1,93,320,400,25
396,7,278,250,350,20
397,2,71,350,450,30
398,2,279,400,500,50
399,2,280,439,459,39
400,2,96,300,400,25
401,2,236,280,350,20
402,1,178,220,300,15
403,2,281,300,400,40
404,3,282,230,500,20
405,2,245,350,450,25
406,2,237,400,450,30
407,3,179,220,300,15
408,1,98,300,400,25
409,3,179,280,350,20
410,3,283,320,480,40
411,4,284,220,300,15
412,4,6,434,495,36
413,7,285,472,489,36
414,4,137,250,350,30
415,3,286,220,300,15
416,4,287,320,400,35
417,7,288,350,450,30
418,4,287,400,400,40
419,3,289,320,480,40
420,7,290,280,350,24
421,3,38,292,470,50
422,4,291,208,282,22
423,3,292,250,350,20
424,4,230,320,400,35
425,4,33,320,400,20
426,7,293,220,300,15
427,1,294,302,371,27
428,7,295,250,350,20
429,1,296,267,393,24
430,3,297,453,484,54
431,7,78,400,500,30
432,4,298,300,400,15
433,1,299,220,300,15
434,1,300,300,480,40
435,3,229,280,350,20
436,2,301,290,374,27
437,4,302,438,493,35
438,1,38,350,450,45
439,7,303,300,450,35
440,1,304,300,400,15
441,2,135,300,400,35
442,3,103,267,393,24
443,3,245,300,400,25
444,4,305,342,405,29
445,3,245,350,450,25
446,3,306,400,500,40
447,7,36,220,300,15
448,7,157,320,400,35
449,2,271,491,497,32
450,3,307,250,350,20
451,4,90,350,450,35
452,2,275,220,300,15
453,1,308,380,480,30
454,7,309,250,350,20
455,2,45,400,500,50
456,2,144,250,400,25
457,1,101,400,500,50
458,1,226,240,450,20
459,2,267,250,350,20
460,2,279,453,484,54
461,2,267,380,480,30
462,1,90,380,500,35
463,2,232,250,350,40
464,7,310,220,300,15
465,3,181,270,400,40
466,2,237,280,400,24
467,1,311,208,282,22
468,1,128,280,350,15
469,2,180,300,400,30
470,2,312,310,350,35
471,1,128,380,400,25
472,1,282,434,495,36
473,4,313,284,443,32
474,4,313,250,350,10
475,4,314,250,480,20
476,4,50,280,350,20
477,4,315,300,400,20
478,4,316,400,500,45
479,4,22,300,400,40
480,3,70,310,350,35
481,4,135,400,350,35
482,4,165,207,280,20
483,3,317,380,500,35
484,4,19,302,371,27
485,2,152,250,350,10
486,1,318,280,350,15
487,7,316,350,450,35
488,3,319,220,300,15
489,7,320,300,400,15
490,4,321,300,450,35
491,3,322,250,350,20
492,7,246,350,450,40
493,3,67,442,482,32
494,3,123,350,450,25
495,1,296,300,400,20
496,2,323,310,350,35
497,1,216,275,388,16
498,3,248,310,350,35
499,1,204,220,300,15
500,2,324,380,480,30
501,2,325,491,497,32
502,2,326,250,350,20
503,7,327,250,350,40
504,3,250,220,300,20
505,3,79,320,400,25
506,3,328,300,400,25
507,1,88,250,350,20
508,4,98,300,400,15
509,1,69,320,400,30
510,4,171,208,282,22
511,1,81,438,493,35
512,7,329,280,350,20
513,1,71,207,280,20
514,7,51,453,484,54
515,2,330,300,400,15
516,7,250,280,350,20
517,2,266,400,400,40
518,2,36,250,350,20
519,1,331,250,350,20
520,2,81,250,350,20
521,1,79,220,300,20
522,7,260,250,350,20
523,2,218,342,405,29
524,7,332,400,500,50
525,2,232,300,400,40
526,2,176,491,497,32
527,2,90,380,500,35
528,2,126,300,400,40
529,2,333,230,500,30
530,1,334,300,400,25
531,4,335,300,400,40
532,4,336,300,400,20
533,4,337,302,371,27
534,7,338,472,489,36
535,4,339,300,400,40
536,7,340,250,350,10
537,4,21,290,374,27
538,4,341,434,495,36
539,3,342,280,350,15
540,3,23,400,500,45
541,4,15,350,450,35
542,4,205,250,350,30
543,7,343,350,450,35
544,7,344,280,350,20
545,3,238,302,371,22
546,4,152,250,350,10
547,4,345,280,350,20
548,4,346,320,400,30
549,3,152,250,350,10
550,4,347,380,480,30
551,4,348,380,480,30
552,4,33,280,350,20
553,7,349,434,495,36
554,4,350,250,350,20
555,7,252,320,480,40
556,1,351,442,482,32
557,7,17,300,400,35
558,7,352,280,350,20
559,1,353,380,480,30
560,3,40,292,470,50
561,7,221,320,400,20
562,4,309,261,350,24
563,3,354,300,400,15
564,7,355,400,500,25
565,3,329,220,300,15
566,1,64,400,500,40
567,2,78,320,400,30
568,3,256,250,480,20
569,7,356,280,480,15
570,1,223,300,400,20
571,3,66,280,350,20
572,3,143,290,374,27
573,3,208,320,400,35
574,3,357,261,350,23
575,1,247,350,450,35
576,1,247,270,400,40
577,7,69,320,400,30
578,1,141,380,500,35
579,7,76,397,482,31
580,2,358,350,450,30
581,2,359,220,300,15
582,7,357,250,350,20
583,2,330,220,300,15
584,4,284,267,393,24
585,4,360,280,350,20
586,3,315,220,300,15
587,7,361,280,350,20
588,7,362,250,350,30
589,1,79,280,350,20
590,2,269,300,450,35
591,3,363,300,400,25
592,2,364,292,470,50
593,1,124,320,400,25
594,3,24,220,300,15
595,2,365,367,420,40
596,7,366,220,300,15
597,3,164,300,400,30
598,7,367,250,350,35
599,2,82,400,500,45
600,2,82,300,400,35
601,1,262,250,500,40
602,2,368,300,400,25
603,2,282,240,450,20
604,7,202,220,300,15
605,4,359,220,300,15
606,1,194,280,350,20
607,4,275,220,300,15
608,3,369,280,350,20
609,3,370,250,350,20
610,3,371,320,400,30
611,7,372,230,500,20
612,3,209,250,350,35
613,4,373,280,350,20
614,7,292,208,282,22
615,4,373,250,350,20
616,7,374,208,282,22
617,1,54,300,450,35
618,2,238,302,371,27
619,1,228,380,500,35
620,1,60,367,420,40
621,1,143,280,350,20
622,7,207,350,450,25
623,3,364,400,500,50
624,4,178,280,480,15
625,7,375,280,350,20
626,2,118,400,500,40
627,1,266,310,350,35
628,1,376,320,400,25
629,4,124,220,300,15
630,2,228,400,350,35
631,2,77,310,350,35
632,3,124,250,350,20
633,3,98,220,300,15
634,2,209,300,450,35
635,2,40,270,400,40
636,1,306,400,500,40
637,1,101,380,500,35
638,1,237,300,400,30
639,2,377,434,495,36
640,1,378,350,450,25
641,2,175,434,495,36
642,2,232,350,450,35
643,1,87,400,500,50
644,2,379,320,400,15
645,1,363,250,350,20
646,1,179,320,400,25
647,2,379,280,350,20
648,1,180,438,493,35
649,2,181,300,400,40
650,4,380,280,350,20
651,3,26,400,500,30
652,4,316,292,470,50
653,4,14,220,300,15
654,3,14,280,480,15
655,1,254,350,450,40
656,3,381,439,459,26
657,3,225,400,500,50
658,3,382,400,500,40
659,3,35,367,420,40
660,3,383,380,400,25
661,7,186,250,350,40
662,7,384,380,400,25
663,1,385,250,350,35
664,4,386,400,500,45
665,4,303,380,500,35
666,4,303,400,500,45
667,3,239,350,450,35
668,7,352,250,350,20
669,7,17,400,400,40
670,3,230,400,350,35
671,2,387,320,400,30
672,2,191,300,400,20
673,4,250,280,350,20
674,3,93,220,300,15
675,4,73,320,400,25
676,1,197,350,450,20
677,7,66,300,400,25
678,7,66,320,400,25
679,3,250,220,300,15
680,3,175,220,300,15
681,2,388,220,300,15
682,1,230,400,500,45
683,2,389,400,500,40
684,2,239,400,500,50
685,1,279,400,500,40
686,2,390,434,495,36
687,1,96,350,450,25
688,1,391,220,300,15
689,1,364,400,500,40
690,2,71,250,350,30
691,1,364,453,484,54
692,2,103,260,400,20
693,7,124,350,450,20
694,3,363,350,450,25
695,2,100,250,350,15
696,1,90,400,500,45
697,2,218,320,400,25
698,1,98,350,400,25
699,1,124,350,450,20
700,1,392,400,500,40
701,2,97,300,400,25
702,1,243,250,350,20
703,3,393,320,400,25
704,2,394,250,350,20
705,4,395,400,500,30
706,4,254,320,400,45
707,4,396,400,500,25
708,3,23,400,500,50
709,3,56,380,500,35
710,4,108,300,400,40
711,4,296,400,500,25
712,3,397,320,400,35
713,4,398,380,480,30
714,3,399,380,480,30
715,4,400,300,400,15
716,7,55,380,480,30
717,4,221,280,350,20
718,1,401,300,400,15
719,4,239,400,350,35
720,3,164,400,450,30
721,4,402,240,450,20
722,4,403,250,350,20
723,4,33,320,400,25
724,1,109,450,500,30
725,1,294,439,459,36
726,1,404,280,350,20
727,3,405,310,350,35
728,7,241,208,282,22
729,3,207,208,282,22
730,7,204,250,350,20
731,1,299,300,400,15
732,3,406,250,350,20
733,1,388,290,374,27
734,3,407,342,405,29
735,2,296,280,480,15
736,7,408,434,495,36
737,4,409,230,500,20
738,1,64,491,497,32
739,2,410,250,500,40
740,3,411,320,480,40
741,3,412,400,500,50
742,3,175,230,500,20
743,3,92,208,282,22
744,2,29,220,300,15
745,3,237,300,400,30
746,1,230,453,484,54
747,1,69,300,400,40
748,2,84,220,300,15
749,3,312,450,500,30
750,4,90,400,500,50
751,2,413,220,300,15
752,1,81,208,282,22
753,4,414,280,350,20
754,2,45,350,450,35
755,3,128,280,350,20
756,1,87,350,450,45
757,1,87,300,400,40
758,1,311,230,500,30
759,2,82,400,500,50
760,2,98,300,400,15
761,1,363,350,450,25
762,2,125,261,350,23
763,2,334,438,493,35
764,4,415,491,497,32
765,4,366,300,400,15
766,4,23,300,400,40
767,4,56,350,450,35
768,4,22,292,470,50
769,4,24,300,400,25
770,1,416,430,477,29
771,3,191,220,300,15
772,4,15,320,400,35
773,3,122,300,400,15
774,4,118,350,450,35
775,4,30,320,400,25
776,3,59,400,500,50
777,1,180,250,350,25
778,2,334,261,350,23
779,3,417,220,300,15
780,4,343,400,500,45
781,4,194,280,350,15
782,7,10,320,400,35
783,4,122,250,350,20
784,4,158,300,400,15
785,4,221,300,400,15
786,4,30,350,450,20
787,4,418,220,450,30
788,7,419,280,350,20
789,4,54,400,500,40
790,7,420,320,400,40
791,2,254,250,500,40
792,1,421,310,450,25
793,7,422,220,300,20
794,1,194,220,300,15
795,3,142,350,450,40
796,4,36,320,400,25
797,3,142,300,400,35
798,7,108,320,400,35
799,3,423,320,400,30
800,2,1,310,450,25
801,4,303,300,400,35
802,7,349,250,350,40
803,3,424,220,300,15
804,4,207,350,450,25
805,1,70,400,500,40
806,2,153,250,350,10
807,7,238,302,371,27
808,1,296,350,450,25
809,1,43,220,300,15
810,3,359,250,350,20
811,2,194,280,350,20
812,4,425,488,498,63
813,3,143,220,300,15
814,3,371,320,400,45
815,4,354,320,400,25
816,2,109,207,280,20
817,3,376,280,350,20
818,1,426,300,400,20
819,1,205,310,350,35
820,3,51,400,500,45
821,3,391,400,500,25
822,3,427,491,497,32
823,1,428,220,300,15
824,7,429,320,400,35
825,7,292,350,450,25
826,1,142,400,500,50
827,1,370,320,400,25
828,2,238,300,400,20
829,1,142,250,350,40
830,1,67,280,350,25
831,2,430,320,400,45
832,4,302,250,350,20
833,7,431,400,500,25
834,4,90,300,400,35
835,1,71,250,350,30
836,3,124,320,400,25
837,3,124,220,300,15
838,3,98,280,350,20
839,2,230,400,500,45
840,1,138,350,450,30
841,1,269,400,500,40
842,1,364,250,350,40
843,3,126,400,500,50
844,1,176,310,350,35
845,1,82,350,450,45
846,1,82,320,400,40
847,1,168,220,300,15
848,2,388,280,350,20
849,2,210,250,350,20
850,2,37,250,350,30
851,1,376,220,300,15
852,1,432,300,400,20
853,2,100,350,450,25
854,2,433,342,405,29
855,1,87,380,500,35
856,1,45,400,500,50
857,1,40,400,500,40
858,2,434,400,500,40
859,2,228,320,400,35
860,2,101,400,500,40
861,2,435,320,400,35
862,1,282,300,400,20
863,2,128,220,300,15
864,1,436,400,500,40
865,7,96,350,450,25
866,7,437,429,496,42
867,1,218,380,400,25
868,1,232,250,350,40
869,4,363,250,350,25
870,2,93,250,350,20
871,1,438,300,400,20
872,2,411,320,480,40
873,2,73,380,400,25
874,1,87,320,400,40
875,2,124,300,400,25
876,2,127,397,482,31
877,1,439,350,450,25
878,4,440,488,498,63
879,4,441,320,400,25
880,4,201,302,371,27
881,4,442,300,450,35
882,4,56,350,450,40
883,7,336,280,350,20
884,4,192,300,450,35
885,3,443,320,480,40
886,3,187,350,450,30
887,4,16,300,400,20
888,4,444,350,450,30
889,1,11,367,420,40
890,4,400,300,400,25
891,4,445,300,400,20
892,3,446,280,350,25
893,3,447,320,480,40
894,1,448,320,400,35
895,4,47,250,400,25
896,7,4,207,280,20
897,4,321,250,350,35
898,4,449,250,350,35
899,3,450,350,450,45
900,3,222,438,493,35
901,4,248,310,350,35
902,1,428,320,400,25
903,3,40,400,500,50
904,4,51,453,484,54
905,1,451,350,450,40
906,1,452,400,500,45
907,4,272,400,500,50
908,2,300,300,400,30
909,2,453,434,495,36
910,3,391,280,350,25
911,1,454,400,450,30
912,1,67,400,500,25
913,4,86,350,450,25
914,3,232,453,484,54
915,2,54,453,484,54
916,2,319,240,450,20
917,2,228,350,450,35
918,2,359,300,400,25
919,4,213,367,420,40
920,4,336,220,300,15
921,3,58,280,350,20
922,3,455,491,497,32
923,1,234,434,495,36
924,7,456,230,500,30
925,1,100,250,350,25
926,2,88,300,400,25
927,1,249,350,450,45
928,2,376,320,400,25
929,2,457,310,350,35
930,2,249,320,400,35
931,1,438,260,400,20
932,4,458,400,450,30
933,4,459,275,388,16
934,4,397,320,400,40
935,4,397,400,500,50
936,2,364,400,400,40
937,2,79,320,400,15
938,7,89,300,450,35
939,1,125,350,450,25
940,2,379,220,300,15
941,2,124,220,300,15
942,1,181,400,500,50
943,1,179,220,300,15
944,3,23,453,484,54
945,3,460,250,350,30
946,7,254,350,450,40
947,4,241,300,400,25
948,4,112,380,500,35
949,4,241,250,350,20
950,1,385,488,498,63
951,4,303,400,500,50
952,1,199,491,497,32
953,3,72,400,500,40
954,4,461,261,350,23
955,7,462,434,495,36
956,3,123,350,450,30
957,7,59,350,450,35
958,3,45,400,500,40
959,1,134,247,348,16
960,2,463,320,400,25
961,1,163,207,280,20
962,1,80,280,350,25
963,1,464,400,500,40
964,2,134,220,300,15
965,1,142,400,500,40
966,1,66,250,350,20
967,1,359,320,400,20
968,7,465,250,350,25
969,2,196,230,500,20
970,7,298,350,450,25
971,3,466,261,350,23
972,1,36,247,348,16
973,1,467,380,480,30
974,1,40,350,450,35
975,2,47,300,400,20
976,1,267,380,480,30
977,7,274,300,400,35
978,1,280,300,400,20
979,2,376,300,400,25
980,1,236,320,400,25
981,1,218,280,350,15
982,1,97,208,282,22
983,1,169,320,400,35
984,2,334,240,450,30
985,4,104,250,500,40
986,4,152,430,477,29
987,3,468,350,450,25
988,2,98,220,300,15
989,1,282,280,480,15
990,1,334,350,450,25
991,2,394,350,450,25
992,3,469,320,400,35
993,4,470,300,400,15
994,4,471,380,480,30
995,4,472,300,400,20
996,3,22,380,500,35
997,4,473,280,350,25
998,4,287,350,450,45
999,4,118,320,400,35
1000,4,474,380,480,30
1001,4,475,250,350,30
1002,4,148,280,350,20
1003,4,476,429,496,42
1004,2,10,320,400,30
1005,4,129,400,500,50
1006,3,132,400,450,30
1007,4,292,208,282,22
1008,7,477,350,450,20
1009,7,14,280,350,25
1010,4,478,350,450,25
1011,3,163,300,450,35
1012,3,479,275,388,16
1013,3,120,220,450,20
1014,1,10,400,500,30
1015,7,480,302,371,27
1016,1,430,320,400,45
1017,4,96,397,482,31
1018,7,423,320,400,30
1019,4,329,300,400,15
1020,2,194,300,400,20
1021,3,481,300,400,20
1022,1,482,320,400,15
1023,4,100,230,500,30
1024,4,51,320,400,35
1025,4,483,280,350,20
1026,3,477,280,350,20
1027,4,108,320,400,35
1028,4,112,300,400,35
1029,3,351,280,350,25
1030,4,484,400,500,45
1031,1,239,400,500,50
1032,1,197,342,405,29
1033,7,461,350,450,25
1034,3,241,250,350,20
1035,1,443,320,480,40
1036,7,463,320,400,25
1037,3,451,400,500,50
1038,3,20,320,400,20
1039,4,143,250,480,20
1040,1,194,350,450,20
1041,7,397,400,500,45
1042,4,99,250,350,20
1043,7,296,434,495,36
1044,7,112,350,450,45
1045,7,59,400,500,50
1046,1,299,280,350,15
1047,3,485,250,350,20
1048,1,142,300,400,40
1049,7,44,250,350,20
1050,1,359,300,400,25
1051,7,424,300,400,25
1052,2,13,280,350,20
1053,1,196,432,477,23
1054,2,17,300,400,40
1055,2,447,320,480,40
1056,7,486,320,400,35
1057,2,20,300,400,15
1058,1,141,400,500,40
1059,4,487,350,450,25
1060,4,488,220,300,15
1061,2,489,275,388,16
1062,2,359,320,400,25
1063,3,249,380,500,35
1064,2,27,400,500,40
1065,7,490,300,400,25
1066,1,491,275,388,16
1067,1,141,400,350,35
1068,4,171,250,350,25
1069,1,492,434,495,36
1070,1,144,400,500,25
1071,1,493,280,350,20
1072,1,96,300,400,15
1073,1,251,220,300,15
1074,3,128,280,350,15
1075,2,96,261,350,23
1076,2,493,275,388,16
1077,2,412,400,500,50
1078,7,494,380,480,30
1079,2,79,280,350,20
1080,2,174,220,300,15
1081,3,394,350,450,15
1082,2,125,350,450,25
1083,2,179,220,300,15
1084,1,256,220,450,20
1085,1,218,220,300,15
1086,4,243,208,282,22
1087,2,249,250,350,34
1088,2,256,280,350,20
1089,2,232,350,450,45
1090,1,90,250,350,40
1091,2,175,400,500,25
1092,1,126,270,400,40
1093,2,97,250,350,25
1094,2,127,208,282,22
1095,1,181,350,450,35
1096,2,334,250,350,20
1097,2,334,250,350,25
1098,4,495,302,371,27
1099,4,496,430,477,29
1100,4,497,400,450,30
1101,4,498,250,350,20
1102,4,315,290,374,27
1103,4,318,220,450,20
1104,4,14,300,400,20
1105,4,14,240,450,20
1106,4,341,442,482,32
1107,4,396,300,400,20
1108,7,110,491,497,32
1109,4,352,220,300,20
1110,4,112,350,450,45
1111,4,423,300,400,40
1112,7,499,302,371,27
1113,4,500,350,450,25
1114,4,31,300,400,15
1115,3,464,450,500,30
1116,4,431,434,495,36
1117,4,303,250,350,40
1118,4,415,450,500,30
1119,4,105,434,495,36
1120,4,318,280,350,15
1121,4,14,280,480,15
1122,4,301,280,350,15
1123,4,341,429,496,42
1124,4,5,320,400,25
1125,4,22,400,500,45
1126,3,197,220,300,20
1127,2,476,220,300,15
1128,3,501,250,350,20
1129,2,502,300,400,30
1130,2,448,400,500,30
1131,1,13,430,477,29
1132,3,66,300,400,20
1133,3,503,320,400,25
1134,1,383,280,350,20
1135,7,451,350,450,35
1136,7,402,300,400,20
1137,1,20,320,400,25
1138,2,300,320,400,30
1139,1,504,300,400,40
1140,4,505,350,450,40
1141,1,416,250,350,10
1142,4,24,220,300,20
1143,4,352,220,300,15
1144,4,506,250,350,10
1145,3,506,250,350,10
1146,4,202,220,300,15
1147,4,22,270,400,40
1148,4,369,280,350,20
1149,3,246,300,400,40
1150,2,146,320,400,40
1151,1,507,280,400,25
1152,7,367,450,500,30
1153,4,158,280,480,15
1154,4,508,380,480,30
1155,7,346,320,480,40
1156,4,28,350,450,25
1157,7,490,220,300,20
1158,2,19,220,300,10
1159,1,427,310,350,35
1160,1,88,220,300,15
1161,1,227,280,350,20
1162,4,402,400,500,25
1163,4,509,280,350,20
1164,7,108,350,450,45
1165,4,248,400,500,40
1166,2,510,250,480,20
1167,2,140,320,400,35
1168,2,376,350,450,20
1169,2,140,400,500,50
1170,1,411,300,400,40
1171,1,65,350,450,25
1172,1,511,250,350,25
1173,2,249,380,500,35
1174,3,181,400,500,50
1175,3,403,250,350,20
1176,4,350,320,400,25
1177,4,407,320,400,25
1178,3,512,280,350,20
1179,1,513,220,300,15
1180,7,148,290,374,27
1181,3,135,300,400,40
1182,3,514,400,450,30
1183,3,170,342,405,29
1184,4,515,292,470,50
1185,3,516,320,400,15
1186,4,456,350,450,25
1187,2,174,380,400,25
1188,1,258,250,350,20
1189,1,128,247,348,16
1190,2,244,397,482,31
1191,2,243,300,400,15
1192,1,517,280,350,15
1193,1,502,320,480,40
1194,7,518,280,350,20
1195,1,296,434,495,36
1196,4,250,300,400,15
1197,2,447,300,400,30
1198,1,66,220,300,20
1199,1,140,400,500,40
1200,7,111,250,480,20
1201,3,371,300,400,40
1202,3,40,350,450,40
1203,7,519,342,405,29
1204,1,300,320,480,40
1205,3,248,488,498,63
1206,1,426,280,350,25
1207,1,29,280,350,20
1208,3,520,280,480,15
1209,2,521,300,400,20
1210,4,522,300,450,35
1211,2,351,280,480,15
1212,3,280,439,459,39
1213,2,351,380,480,10
1214,1,170,247,348,16
1215,1,95,220,300,15
1216,2,143,280,350,15
1217,2,67,280,480,15
1218,7,523,400,500,40
1219,3,92,250,350,20
1220,3,172,438,493,35
1221,1,275,220,300,15
1222,4,171,250,350,20
1223,3,82,400,350,35
1224,7,76,350,450,25
1225,1,236,220,300,15
1226,2,330,350,450,20
1227,2,209,350,450,30
1228,2,71,400,500,40
1229,2,77,488,498,63
1230,2,40,350,450,35
1231,7,524,230,500,30
1232,2,45,250,350,40
1233,1,92,208,282,22
1234,1,435,350,350,35
1235,1,218,220,300,20
1236,2,93,350,450,20
1237,2,268,240,450,20
1238,1,364,350,450,35
1239,1,79,220,300,15
1240,2,279,400,400,40
1241,2,249,350,450,40
1242,1,525,250,350,20
1243,4,526,350,450,25
1244,2,172,350,450,30
1245,2,79,300,400,15
1246,2,268,280,350,25
1247,2,256,280,350,15
1248,2,232,453,484,54
1249,2,79,320,400,25
1250,1,125,208,282,22
1251,2,174,300,400,15
1252,2,128,280,350,20
1253,4,527,320,400,30
1254,4,528,300,400,40
1255,4,529,302,371,27
1256,4,530,250,350,35
1257,3,531,320,480,40
1258,1,213,284,443,32
1259,4,108,453,484,54
1260,4,532,400,500,25
1261,4,78,320,400,30
1262,7,284,434,495,36
1263,4,48,300,400,15
1264,7,22,400,500,45
1265,4,33,300,400,25
1266,4,356,300,400,25
1267,3,47,412,478,38
1268,3,209,491,497,32
1269,4,437,300,400,20
1270,3,208,270,400,40
1271,1,17,400,500,45
1272,1,533,400,500,25
1273,7,304,300,400,15
1274,2,534,380,480,30
1275,2,535,320,400,35
1276,1,388,280,350,15
1277,7,536,350,450,20
1278,1,19,220,300,10
1279,2,428,320,400,25
1280,1,247,350,450,45
1281,1,42,412,478,38
1282,1,143,220,300,15
1283,3,92,350,450,25
1284,7,162,320,400,25
1285,7,406,350,450,25
1286,7,298,250,350,25
1287,3,178,429,496,42
1288,1,234,280,354,23
1289,2,230,400,350,35
1290,2,143,300,400,20
1291,2,537,280,480,15
1292,1,281,400,500,40
1293,1,249,400,500,40
1294,2,93,300,400,25
1295,2,100,208,282,22
1296,7,487,230,500,30
1297,2,391,220,300,15
1298,2,237,300,400,30
1299,1,127,300,400,15
1300,2,90,400,500,50
1301,1,363,208,282,22
1302,3,334,261,350,23
1303,4,538,320,480,40
1304,3,539,300,400,40
1305,4,190,491,497,32
1306,4,540,220,300,10
1307,4,541,275,388,16
1308,2,98,350,450,20
1309,2,542,300,400,25
1310,2,181,320,400,35
1311,4,543,300,400,30
1312,4,286,320,400,25
1313,4,154,380,480,30
1314,1,544,250,350,10
1315,1,184,250,500,40
1316,7,340,300,400,20
1317,4,286,250,350,20
1318,4,531,320,400,30
1319,4,14,250,350,20
1320,4,316,350,450,45
1321,4,246,380,500,35
1322,4,545,400,500,40
1323,3,546,350,450,20
1324,7,23,400,500,50
1325,3,130,350,450,10
1326,3,246,250,350,40
1327,3,276,280,350,15
1328,3,287,400,500,50
1329,4,359,300,400,25
1330,1,301,220,300,15
1331,3,547,320,480,40
1332,4,548,230,500,20
1333,4,40,453,484,54
1334,3,142,380,500,35
1335,7,549,320,480,40
1336,4,550,491,497,32
1337,3,359,280,350,20
1338,1,296,400,500,25
1339,3,248,450,500,30
1340,7,221,220,300,15
1341,3,81,261,350,23
1342,4,466,320,400,25
1343,2,246,250,350,40
1344,1,510,220,450,20
1345,1,45,292,470,50
1346,2,304,320,400,20
1347,2,34,300,400,25
1348,1,551,453,484,54
1349,1,552,320,400,35
1350,2,491,320,400,15
1351,2,491,220,300,15
1352,2,266,310,350,35
1353,3,392,400,500,50
1354,1,175,230,500,30
1355,1,92,250,350,20
1356,1,363,397,482,31
1357,1,179,300,400,25
1358,2,180,250,350,20
1359,4,553,320,480,40
1360,7,541,280,350,20
1361,4,423,320,400,30
1362,2,96,438,493,35
1363,7,438,412,478,38
1364,2,249,300,400,35
1365,2,249,400,500,40
1366,2,269,350,450,30
1367,4,554,280,350,20
1368,3,253,320,400,30
1369,1,365,367,420,40
1370,7,337,220,300,10
1371,1,97,250,350,25
1372,2,101,320,400,35
1373,1,379,350,450,20
1374,1,87,320,400,35
1375,2,218,280,350,20
1376,1,124,220,300,15
1377,2,176,310,350,35
1378,1,258,342,405,29
1379,2,379,350,450,20
1380,4,118,400,500,40
1381,7,555,302,371,27
1382,3,118,400,500,40
1383,4,556,250,400,25
1384,4,59,453,484,54
1385,4,119,208,282,22
1386,4,134,320,400,25
1387,3,557,292,470,50
1388,4,558,240,450,20
1389,4,121,220,300,15
1390,4,129,350,450,35
1391,7,7,220,300,15
1392,4,559,380,480,30
1393,1,560,320,400,25
1394,3,205,350,450,30
1395,7,397,350,450,35
1396,3,53,280,350,20
1397,4,523,400,500,40
1398,3,197,320,400,25
1399,1,193,400,500,40
1400,3,561,280,350,25
1401,3,142,320,400,35
1402,7,252,320,400,30
1403,3,461,350,450,25
1404,1,562,400,500,40
1405,3,247,350,450,40
1406,4,563,350,450,30
1407,1,428,300,400,15
1408,4,138,350,450,25
1409,7,129,400,500,40
1410,7,369,280,350,20
1411,7,536,220,300,15
1412,1,219,350,450,30
1413,3,564,380,480,30
1414,3,547,300,400,30
1415,2,421,284,443,32
1416,3,96,250,350,20
1417,7,142,400,500,40
1418,1,228,350,450,45
1419,3,249,400,500,50
1420,4,310,280,350,20
1421,1,211,350,450,45
1422,7,373,220,450,30
1423,3,90,400,500,45
1424,1,93,220,300,15
1425,2,67,230,500,20
1426,2,291,438,493,35
1427,7,51,300,400,35
1428,2,504,300,400,30
1429,3,565,280,350,25
1430,2,566,350,450,25
1431,7,174,280,350,20
1432,1,567,250,350,25
1433,2,93,342,405,29
1434,1,568,380,480,30
1435,2,79,300,400,25
1436,1,244,350,450,25
1437,1,447,300,400,40
1438,4,274,300,400,35
1439,3,437,400,500,25
1440,3,245,300,400,15
1441,2,135,400,500,50
1442,7,91,280,480,15
1443,2,29,280,350,20
1444,2,20,250,350,20
1445,2,84,280,350,20
1446,2,123,250,350,25
1447,2,45,350,450,40
1448,1,511,250,350,20
1449,1,306,400,500,50
1450,1,256,290,374,27
1451,2,552,350,450,35
1452,1,312,491,497,32
1453,1,263,350,450,30
1454,2,232,400,500,45
1455,3,468,250,350,25
1456,2,175,220,300,15
1457,1,90,320,400,40
1458,2,232,320,400,40
1459,1,244,250,350,20
1460,1,125,250,350,20
1461,4,338,284,443,32
1462,4,506,280,350,20
1463,4,569,300,400,20
1464,4,570,300,400,40
1465,4,6,412,478,38
1466,4,571,434,495,36
1467,4,460,250,350,30
1468,3,120,280,350,20
1469,4,480,300,400,20
1470,4,296,300,400,20
1471,4,15,400,500,40
1472,4,553,320,400,30
1473,4,572,250,350,10
1474,7,573,320,400,30
1475,4,19,300,400,20
1476,4,20,320,400,25
1477,3,112,400,500,40
1478,4,536,310,450,25
1479,3,163,250,350,30
1480,4,44,300,400,25
1481,7,116,300,400,15
1482,7,556,280,480,15
1483,1,351,434,495,36
1484,3,49,280,350,20
1485,3,40,400,350,35
1486,1,553,300,400,30
1487,4,62,350,450,45
1488,4,574,250,350,20
1489,4,574,230,500,30
1490,4,218,220,300,15
1491,3,93,280,350,20
1492,3,411,300,400,30
1493,1,228,400,500,50
1494,2,204,280,350,20
1495,1,575,300,400,20
1496,1,275,280,350,20
1497,4,90,350,450,45
1498,7,576,300,400,25
1499,4,98,320,400,25
1500,2,363,230,500,30
1501,4,577,300,400,20
1502,3,379,350,450,10
1503,2,427,250,350,35
1504,2,40,350,450,45
1505,3,578,350,450,40
1506,3,6,250,400,25
1507,3,7,320,400,25
1508,4,532,267,393,24
1509,3,341,400,500,25
1510,3,137,350,350,54
1511,4,519,300,400,20
1512,3,139,439,459,36
1513,1,479,275,388,16
1514,7,531,320,400,30
1515,3,206,250,480,20
1516,3,428,300,400,15
1517,7,191,220,300,15
1518,4,297,350,450,35
1519,1,194,250,480,20
1520,7,351,280,350,20
1521,2,2,320,480,40
1522,7,117,230,500,30
1523,7,59,250,350,40
1524,7,579,300,400,30
1525,7,241,261,350,23
1526,3,449,300,450,35
1527,2,91,280,350,25
1528,1,245,261,350,24
1529,2,467,380,480,30
1530,1,433,220,300,15
1531,3,266,250,350,30
1532,7,558,429,496,42
1533,1,513,300,400,15
1534,2,244,350,450,25
1535,2,126,400,500,50
1536,4,580,491,497,32
1537,4,540,250,350,10
1538,1,134,280,350,15
1539,4,100,438,493,35
1540,1,19,472,489,36
1541,1,239,400,500,40
1542,1,47,300,400,20
1543,7,297,320,400,35
1544,7,33,250,350,20
1545,2,37,400,500,40
1546,2,388,280,350,15
1547,1,218,280,350,20
1548,2,581,400,500,40
1549,2,249,350,450,45
1550,2,391,400,500,25
1551,1,81,350,450,25
1552,2,582,400,500,40
1553,1,279,292,470,50
1554,1,433,320,400,25
1555,1,176,450,500,30
1556,3,583,280,350,20
1557,4,290,380,480,30
1558,4,584,207,280,20
1559,4,585,491,497,38
1560,4,586,267,393,24
1561,2,93,280,350,20
1562,1,174,280,350,20
1563,2,95,280,350,20
1564,1,90,400,500,50
1565,2,79,320,400,20
1566,2,433,280,350,20
1567,1,262,491,497,32
1568,2,97,438,493,35
1569,2,587,350,450,25
1570,1,282,442,482,32
1571,4,397,270,470,40
1572,4,588,284,443,32
1573,4,589,250,400,25
1574,4,422,320,400,25
1575,4,590,220,300,15
1576,4,572,367,420,40
1577,4,112,434,495,36
1578,4,591,240,450,20
1579,3,353,380,480,30
1580,2,253,320,400,40
1581,3,131,250,480,20
1582,3,238,302,371,27
1583,7,341,267,393,24
1584,3,219,320,400,25
1585,1,137,488,498,63
1586,4,40,350,450,45
1587,7,352,300,400,15
1588,2,421,472,489,36
1589,3,592,380,480,30
1590,7,462,429,496,42
1591,1,18,220,300,15
1592,4,493,220,300,15
1593,3,406,350,450,30
1594,2,137,250,350,30
1595,3,96,230,500,30
1596,4,593,320,400,45
1597,4,594,310,450,25
1598,3,190,491,497,32
1599,4,460,491,497,32
1600,4,240,280,350,20
1601,4,349,292,470,50
1602,7,595,300,400,30
1603,7,149,280,350,20
1604,4,596,300,400,25
1605,7,23,380,500,35
1606,3,398,380,480,30
1607,3,135,400,500,45
1608,3,118,350,450,35
1609,4,255,320,400,20
1610,3,319,429,496,42
1611,7,22,350,450,35
1612,3,271,491,497,32
1613,4,566,350,450,25
1614,4,457,491,497,32
1615,1,70,310,350,35
1616,1,597,284,443,32
1617,3,231,220,300,15
1618,3,376,250,350,20
